optimizer,estimator,generator,acquisitor,Wp0,Wn0,Wp2,Wp1,Wn2,Wn1,t_phl,t_plh,v_il,v_ih,cost,time_stamp
forest_minimize,GP,random,LCB,2.3076649419419734e-05,1.4852534288725128e-05,3.057749728203677e-05,1.7224117001081345e-06,2.8832890088130935e-06,8.497125564986081e-07,0.9884828458995508,1.5691887411044705,6.143632269584032e-10,8.019798158898084e-10,0.6975990457577382,083621-211110
forest_minimize,GP,random,EI,1.5961057841843195e-06,9.97988377247056e-07,1.0341360560534985e-06,8.024688995890638e-06,4.782841655865556e-07,4.932688782271802e-06,1.2569322359607298,1.7082530261412396,5.765912192146061e-10,8.505107729206429e-10,0.535311333713136,083718-211110
forest_minimize,GP,random,PI,3.096762156963467e-06,3.3590763210281322e-06,6.00473137842223e-06,3.4298159546547936e-06,1.748015385693917e-05,1.6266015158819336e-06,0.9068515229088157,2.564018557415353,7.833573789639559e-10,8.040101917572429e-10,0.668945466658095,083819-211110
forest_minimize,GP,random,gp_hedge,5.062222710708575e-05,4.914711079426426e-07,2.1559077206090433e-05,1.1380654507287926e-06,4.332608046952731e-07,1.1410087606645628e-06,1.3676327961564823,1.9882401790032227,1.1067893268545959e-09,8.65855831477802e-10,0.49847781663630036,083916-211110
forest_minimize,GP,sobol,LCB,0.0001305456488693979,1.414166925701706e-05,1.0711319164426038e-05,1.2729181334538832e-06,4.296665438748644e-05,8.78867731217779e-07,1.4227546334668864,2.432647796104705,9.202967277133212e-10,8.762990333366361e-10,0.5471487127091342,084038-211110
forest_minimize,GP,sobol,EI,4.919848774144278e-06,3.424086690126929e-06,5.072789710051864e-07,4.818132801920787e-05,8.581691989036547e-06,6.172707855388104e-05,1.387177972419959,2.315324282496391,6.430971311033318e-10,7.957376979561559e-10,0.4163416428854699,084137-211110
forest_minimize,GP,sobol,PI,0.00013650719425660886,2.206770102808148e-05,1.725901052771399e-05,1.0659762555078907e-06,4.7067823351199883e-07,4.0399673148534566e-07,1.5211339590006296,1.5426717018251244,8.831375630791172e-10,8.076685986679877e-10,0.4491599943639154,084241-211110
forest_minimize,GP,sobol,gp_hedge,0.0001305456488693979,1.414166925701706e-05,1.0711319164426038e-05,1.2729181334538832e-06,4.296665438748644e-05,8.78867731217779e-07,1.4227546334668864,2.432647796104705,9.202967277133212e-10,8.762990333366361e-10,0.5471487127091342,084343-211110
forest_minimize,GP,halton,LCB,3.976440102138725e-06,0.00012390240050958612,1.34524305799836e-06,1.9818606655358868e-05,0.0001489019866954274,9.459825438910451e-07,1.5411783595624295,2.1487004239229006,9.257945521312649e-10,6.394440532631052e-10,0.6014491039364296,084507-211110
forest_minimize,GP,halton,EI,4.339962443762326e-06,3.211531996601837e-05,4.035849512159473e-06,0.00014776126848156114,3.690195808000769e-05,4.718411678436572e-06,1.1619184136883598,2.0511812989267533,8.113687499644584e-10,1.0918945747562248e-09,0.5702867861761682,084611-211110
forest_minimize,GP,halton,PI,6.863184063585861e-06,6.40468862346714e-07,7.113243830618959e-07,1.3004462737866108e-06,3.7535100015841e-06,3.969710012702541e-06,1.4825412620815384,2.559252451844402,7.907097199222335e-10,8.674101437122772e-10,0.5064913971825473,084714-211110
forest_minimize,GP,halton,gp_hedge,3.081142535334735e-06,6.791699414365962e-07,4.6055945012479035e-06,5.5247638467492595e-06,6.114713738705493e-07,1.9382910476514437e-06,1.0755061606435576,1.9935108240798716,8.101701531870731e-10,5.742641917549918e-10,0.5205244648016454,084807-211110
forest_minimize,GP,hammersly,LCB,9.440501514887157e-05,8.034608263484978e-06,7.024497411250453e-05,1.1880678523954036e-06,2.98024799423039e-06,8.204720316444067e-07,1.1097089817541248,1.636194502739666,8.556244601720664e-10,8.395941719641087e-10,0.4579425585959661,084925-211110
forest_minimize,GP,hammersly,EI,9.440501514887157e-05,8.034608263484978e-06,7.024497411250453e-05,1.1880678523954036e-06,2.98024799423039e-06,8.204720316444067e-07,1.1097086417842623,1.636194503986717,8.556244601720664e-10,8.395941719641087e-10,0.4579425585959661,085025-211110
forest_minimize,GP,hammersly,PI,1.839497026715181e-06,3.097486172507111e-06,9.444604339348529e-07,2.5467854786720845e-05,2.621039897201439e-06,1.6116915627014418e-06,1.317633984194657,1.9267265630963637,7.923230960216188e-10,8.491873870752897e-10,0.10699070099980829,085125-211110
forest_minimize,GP,hammersly,gp_hedge,9.290695953729172e-06,2.79410799604272e-06,7.295564466867793e-07,3.1555501682530735e-05,2.82969932734922e-06,0.0001276602974645886,1.5882545647400272,1.9576999429969004,8.050293764938488e-10,6.434097699070662e-10,0.3824580921683412,085226-211110
forest_minimize,GP,lhs,LCB,0.00013584817441338526,1.836896616584938e-05,1.3252554398942152e-05,9.461809980226165e-07,3.4543565144303755e-05,9.089360167566408e-07,1.3212199257408253,2.2617750973472006,7.768301557575796e-10,1.096129409461355e-09,0.5803273133557958,085344-211110
forest_minimize,GP,lhs,EI,7.645131592243191e-06,0.00012742119932088793,6.274342159927071e-06,3.5219419035887275e-06,0.00012325085870682712,4.0498909998816175e-07,1.2880347290203191,2.1316381614205864,1.1165033342308561e-09,7.973097737590251e-10,0.5380397622114441,085446-211110
forest_minimize,GP,lhs,PI,2.0744497988306767e-06,1.8464890497620912e-05,1.981530291612379e-06,3.1862120592293496e-05,1.1600790217307995e-05,1.3426214188061285e-06,1.2011771945914054,1.8037340106276643,7.982330352263034e-10,8.711689147844481e-10,0.2764171642432792,085557-211110
forest_minimize,GP,lhs,gp_hedge,6.57310943571802e-06,3.0029358175326036e-06,7.276140587878611e-07,0.00010960403933600521,3.7108952505706874e-06,1.3457521183254538e-05,1.542539011141073,2.0840845318674424,7.634728405037094e-10,6.043316957971001e-10,0.5016271177516767,085704-211110
forest_minimize,GP,grid,LCB,7.511538269346494e-06,0.00014795359399128586,1.5690575516776922e-06,1.4838245623480226e-06,3.8123796020289546e-06,4.980863033106344e-07,1.4860124395950447,1.5583078478314016,7.203362351049236e-10,7.314486794030017e-10,0.4868863915171575,085836-211110
forest_minimize,GP,grid,EI,5.699132459946089e-06,6.040546197007009e-06,4.329616847948987e-07,0.00012161608618128616,2.6859423620774054e-06,3.282740945927469e-05,1.3091455661334754,1.6083627620408976,3.859490504964924e-10,8.096003867308355e-10,0.7350253591766716,085948-211110
forest_minimize,GP,grid,PI,2.976358171448162e-06,1.2048530643260847e-06,3.4787099486384358e-06,7.666216382929033e-06,9.41984816647375e-07,1.787151522948582e-05,1.1142827120052048,1.8607379450541928,5.82606851651235e-10,7.816787217507226e-10,0.5150238445549377,090053-211110
forest_minimize,GP,grid,gp_hedge,2.8414298971389273e-06,6.409409071847737e-05,1.1879998696265915e-06,2.9193712887780396e-06,1.789298958364547e-05,4.0883695803593953e-07,1.4573592376775164,1.7687646609873084,8.95817642287966e-10,7.035527715970602e-10,0.4127978215705851,090152-211110
forest_minimize,RF,random,LCB,6.705790023222812e-06,9.914783491815288e-05,1.871017332807212e-05,4.104490827638319e-06,8.50476527131924e-05,7.977076381007156e-07,0.83646203867314,2.014187132691438,7.201097496079001e-10,8.867919731869733e-10,0.6216677111253317,090323-211110
forest_minimize,RF,random,EI,1.1061121790792872e-05,0.0001430026369245561,1.2340434400597359e-05,2.968856975220318e-06,0.00013324444165084995,6.530234469773209e-07,1.1222484456288897,2.057051300788839,8.124247941054819e-10,9.52219636474183e-10,0.42940829504182454,091410-211110
forest_minimize,RF,random,PI,7.231838468658781e-05,1.798236281155966e-06,4.8186908721867274e-05,1.3420240057855737e-06,1.0990353324864341e-06,1.3223868497671258e-06,1.1447640794069747,1.795448335672674,6.865996660110341e-10,7.718190531136315e-10,0.4082605542317012,092443-211110
forest_minimize,RF,random,gp_hedge,8.48254343124321e-06,1.051719489971331e-06,7.400022899018784e-07,1.4278024515188517e-06,9.120277600716231e-07,8.75139300654001e-07,1.5535509172956024,1.9670599098611614,8.00639110565271e-10,6.904148364128559e-10,0.2973074716701933,093526-211110
forest_minimize,RF,sobol,LCB,0.0001305456488693979,1.414166925701706e-05,1.0711319164426038e-05,1.2729181334538832e-06,4.296665438748644e-05,8.78867731217779e-07,1.4227546334668864,2.432647796104705,9.202967277133212e-10,8.762990333366361e-10,0.5471487127091342,094715-211110
forest_minimize,RF,sobol,EI,0.0001305456488693979,1.414166925701706e-05,1.0711319164426038e-05,1.2729181334538832e-06,4.296665438748644e-05,8.78867731217779e-07,1.4227546334668864,2.432647796104705,9.202967277133212e-10,8.762990333366361e-10,0.5471487127091342,095809-211110
forest_minimize,RF,sobol,PI,0.000144609142892117,2.2523788053170558e-06,2.1683945304620223e-06,1.1103977592085145e-06,1.9859451248411407e-06,9.324151567015845e-07,1.4722578859301394,1.9536447385495674,6.57618404176219e-10,7.70034702668454e-10,0.3078641101215333,100854-211110
forest_minimize,RF,sobol,gp_hedge,6.343406835431617e-05,1.3189493367490816e-06,4.790516133644657e-06,1.0296128627632886e-06,8.171540855922796e-07,7.007460431531562e-07,1.5198204722860795,1.8326668010956226,8.712182086867415e-10,8.221618941206543e-10,0.30268894217639175,101942-211110
forest_minimize,RF,halton,LCB,3.365909835964829e-06,1.5522732780203227e-05,8.316948272879981e-06,1.506598401052637e-05,1.5005861438099216e-05,9.281173540830935e-07,0.927353322093572,2.050728591407996,8.743716861658868e-10,5.22028642535588e-10,0.8051558972574204,103159-211110
forest_minimize,RF,halton,EI,3.4528852402118567e-06,4.862798536216841e-05,3.037771673029333e-06,2.062596511150019e-05,7.314136800688527e-05,1.6014297449039228e-06,1.224634287771282,2.1977779617049586,6.485181280879715e-10,6.053655354776311e-10,0.6525747173808052,104258-211110
forest_minimize,RF,halton,PI,2.234532254345493e-06,2.1312147683924903e-06,9.243535868262867e-06,2.0534894444448605e-05,3.767926385556721e-06,2.3148012011448052e-06,0.7864353670564198,2.2419156520407975,7.91383403253576e-10,7.525038370204129e-10,0.6372965676993212,105402-211110
forest_minimize,RF,halton,gp_hedge,2.234532254345493e-06,2.1312147683924903e-06,9.243535868262867e-06,2.0534894444448605e-05,3.767926385556721e-06,2.3148012011448052e-06,0.7864353670564198,2.2419156520407975,7.91383403253576e-10,7.525038370204129e-10,0.6372965676993212,110450-211110
forest_minimize,RF,hammersly,LCB,9.440501514887157e-05,8.034608263484978e-06,7.024497411250453e-05,1.1880678523954036e-06,2.98024799423039e-06,8.204720316444067e-07,1.1097086417842623,1.636194503986717,8.556244601720664e-10,8.395941719641087e-10,0.4579425585959661,111751-211110
forest_minimize,RF,hammersly,EI,8.205459169462168e-05,6.894713777907102e-07,7.26537348387629e-06,1.1085604532318444e-06,9.779991177686613e-07,1.824879242001928e-06,1.4973016009266003,2.144648419767452,7.836313820064333e-10,8.152731822974602e-10,0.24848424979129768,112924-211110
forest_minimize,RF,hammersly,PI,1.7062188357778245e-06,2.168032673436647e-06,4.018006766299124e-07,1.422555358060694e-05,3.9840098887633924e-06,1.7980012660830464e-06,1.3695044550905713,2.2642390325775317,7.938467661006143e-10,7.883338426495357e-10,0.19787041330153707,114101-211110
forest_minimize,RF,hammersly,gp_hedge,1.7062188357778245e-06,2.168032673436647e-06,4.018006766299124e-07,1.422555358060694e-05,3.9840098887633924e-06,1.7980012660830464e-06,1.3695044550905713,2.2642390325775317,7.938467661006143e-10,7.883338426495357e-10,0.19787041330153707,115250-211110
forest_minimize,RF,lhs,LCB,0.00013584817441338526,1.836896616584938e-05,1.3252554398942152e-05,9.461809980226165e-07,3.4543565144303755e-05,9.089360167566408e-07,1.321219740590753,2.2617750249299955,7.768301557575796e-10,1.096129409461355e-09,0.5803273133557958,120558-211110
forest_minimize,RF,lhs,EI,0.00013584817441338526,1.836896616584938e-05,1.3252554398942152e-05,9.461809980226165e-07,3.4543565144303755e-05,9.089360167566408e-07,1.321219740590753,2.2617750249299955,7.768301557575796e-10,1.096129409461355e-09,0.5803273133557958,121747-211110
forest_minimize,RF,lhs,PI,1.6056029072184096e-05,1.6750669997774978e-06,7.120176542288226e-07,2.6269020071722653e-06,1.6054142514625635e-06,4.508910144381474e-05,1.4301830955160435,1.902784147516988,5.424709570434061e-10,8.774430071412098e-10,0.5023232621217382,122932-211110
forest_minimize,RF,lhs,gp_hedge,1.6056029072184096e-05,1.6750669997774978e-06,7.120176542288226e-07,2.6269020071722653e-06,1.6054142514625635e-06,4.508910144381474e-05,1.4301830955160435,1.902784147516988,5.424709570434061e-10,8.774430071412098e-10,0.5023232058732903,124115-211110
forest_minimize,RF,grid,LCB,5.584597685512744e-06,1.514782712172368e-06,8.156592545802832e-07,2.917494980123428e-06,3.785719811592266e-05,5.447357254927317e-06,1.4089851826384931,2.752850410002477,7.425180470477244e-10,6.215614689608628e-10,0.7503114545184872,125520-211110
forest_minimize,RF,grid,EI,0.0001041424898877887,6.779898661638349e-07,1.9284296768544628e-05,1.8229779851453047e-06,4.521805534974216e-07,6.795651502959781e-06,1.5153667282943555,1.849226965982351,7.690523773362656e-10,6.124034612753348e-10,0.4473525418438736,130721-211110
forest_minimize,RF,grid,PI,5.9224136823271755e-05,5.574849641730066e-05,1.067212033185233e-06,1.3182737766118292e-06,3.310268384762797e-05,5.912828221783326e-07,1.592756254520925,1.824962103270305,7.398495149857354e-10,7.933467216503232e-10,0.3274461503211254,131927-211110
forest_minimize,RF,grid,gp_hedge,5.9224136823271755e-05,5.574849641730066e-05,1.067212033185233e-06,1.3182737766118292e-06,3.310268384762797e-05,5.912828221783326e-07,1.592756254520925,1.824962103270305,7.398495149857354e-10,7.933467216503232e-10,0.3274461503211254,133145-211110
forest_minimize,ET,random,LCB,2.3076649419419734e-05,1.4852534288725128e-05,3.057749728203677e-05,1.7224117001081345e-06,2.8832890088130935e-06,8.497125564986081e-07,0.9884828458995508,1.5691887411044705,6.143632269584032e-10,8.019798158898084e-10,0.6975990457577382,134455-211110
forest_minimize,ET,random,EI,2.3076649419419734e-05,1.4852534288725128e-05,3.057749728203677e-05,1.7224117001081345e-06,2.8832890088130935e-06,8.497125564986081e-07,0.9884828458995508,1.5691887411044705,6.143632269584032e-10,8.019798158898084e-10,0.6975990457577382,135728-211110
forest_minimize,ET,random,PI,2.8255408478219433e-05,1.0096277431402908e-05,2.4347206561786097e-05,1.5735123075299221e-06,6.35536861873469e-06,5.475112374366513e-07,1.158111240623303,1.8862559902452243,9.798379885239683e-10,7.844809246648765e-10,0.4190252251977548,140925-211110
forest_minimize,ET,random,gp_hedge,4.344215581626812e-06,6.747534996815045e-06,2.457805272530973e-06,2.0562234774526623e-06,2.406208540386862e-06,5.7059001074559e-07,1.312780444273446,1.7461497063327196,8.084546365694223e-10,7.054943296225247e-10,0.2608089664166954,142131-211110
forest_minimize,ET,sobol,LCB,0.0001305456488693979,1.414166925701706e-05,1.0711319164426038e-05,1.2729181334538832e-06,4.296665438748644e-05,8.78867731217779e-07,1.4227546334668864,2.432647796104705,9.202967277133212e-10,8.762990333366361e-10,0.5471487127091342,143435-211110
forest_minimize,ET,sobol,EI,0.0001305456488693979,1.414166925701706e-05,1.0711319164426038e-05,1.2729181334538832e-06,4.296665438748644e-05,8.78867731217779e-07,1.4227546334668864,2.432647796104705,9.202967277133212e-10,8.762990333366361e-10,0.5471487127091342,144656-211110
forest_minimize,ET,sobol,PI,0.00010404696288656275,2.120067134911364e-06,2.815394909156891e-05,1.139850936717802e-06,7.60264185387359e-07,8.126392415336966e-07,1.353007412716489,1.6566634354249512,7.901457266257239e-10,7.863194539936558e-10,0.18207540918612183,145849-211110
forest_minimize,ET,sobol,gp_hedge,7.42035855316052e-05,8.493638450330435e-07,1.1838390021282451e-05,1.3092458054220805e-06,1.4735059176677164e-06,6.838496712363513e-06,1.3970792105931211,2.189532725183818,6.339191394033605e-10,8.35894020667638e-10,0.4101795870122984,151104-211110
forest_minimize,ET,halton,LCB,3.365909835964829e-06,1.5522732780203227e-05,8.316948272879981e-06,1.506598401052637e-05,1.5005861438099216e-05,9.281173540830935e-07,0.927353322093572,2.050728591407996,8.743716861658868e-10,5.22028642535588e-10,0.8051558972574204,152333-211110
forest_minimize,ET,halton,EI,3.365909835964829e-06,1.5522732780203227e-05,8.316948272879981e-06,1.506598401052637e-05,1.5005861438099216e-05,9.281173540830935e-07,0.927353322093572,2.050728591407996,8.743716861658868e-10,5.22028642535588e-10,0.8051558972574204,153603-211110
forest_minimize,ET,halton,PI,2.867706408499645e-06,6.124302403609939e-05,1.5289581987599407e-06,3.559633909415965e-05,6.710322231461677e-07,1.463525221025682e-06,1.3460411834594206,1.471942056960948,5.912861311685447e-10,6.473257485595241e-10,0.699825641485962,154747-211110
forest_minimize,ET,halton,gp_hedge,2.867706408499645e-06,6.124302403609939e-05,1.5289581987599407e-06,3.559633909415965e-05,6.710322231461677e-07,1.463525221025682e-06,1.3460411834594206,1.471942056960948,5.912861311685447e-10,6.473257485595241e-10,0.699825641485962,160029-211110
forest_minimize,ET,hammersly,LCB,9.440501514887157e-05,8.034608263484978e-06,7.024497411250453e-05,1.1880678523954036e-06,2.98024799423039e-06,8.204720316444067e-07,1.1097086417842623,1.636194503986717,8.556244601720664e-10,8.395941719641087e-10,0.4579425585959661,161438-211110
forest_minimize,ET,hammersly,EI,9.440501514887157e-05,8.034608263484978e-06,7.024497411250453e-05,1.1880678523954036e-06,2.98024799423039e-06,8.204720316444067e-07,1.1097086417842623,1.636194503986717,8.556244601720664e-10,8.395941719641087e-10,0.4579425585959661,162708-211110
forest_minimize,ET,hammersly,PI,2.602715708652256e-06,8.16024867607933e-06,1.7751171164394576e-06,2.271363735581413e-06,2.382246512272855e-06,4.351963734724086e-07,1.2777668189103528,1.7179587399809264,8.907803383806367e-10,7.953699920904e-10,0.2917645108877004,163929-211110
forest_minimize,ET,hammersly,gp_hedge,2.602715708652256e-06,8.16024867607933e-06,1.7751171164394576e-06,2.271363735581413e-06,2.382246512272855e-06,4.351963734724086e-07,1.2777668189103528,1.7179587399809264,8.907803383806367e-10,7.953699920904e-10,0.2917645108877004,165200-211110
forest_minimize,ET,lhs,LCB,0.00013584817441338526,1.836896616584938e-05,1.3252554398942152e-05,9.461809980226165e-07,3.4543565144303755e-05,9.089360167566408e-07,1.321219740590753,2.2617750249299955,7.768301557575796e-10,1.096129409461355e-09,0.5803273133557958,170520-211110
forest_minimize,ET,lhs,EI,1.3070305973664449e-05,3.65481747893352e-06,8.4645710391947e-06,0.00014406833799417924,1.437683317356994e-06,0.00012528670337670059,1.3966153698573345,1.7746833030246436,8.838898502006032e-10,6.547002939782942e-10,0.41092284732481255,171801-211110
forest_minimize,ET,lhs,PI,4.47075428222831e-05,1.1453636402073466e-06,4.783908436565921e-06,2.4325154572220853e-06,4.83003312432996e-07,3.799161708445068e-05,1.5091577325944439,1.6871579426516283,7.306555360742095e-10,8.343397084331627e-10,0.3822907082142393,172958-211110
forest_minimize,ET,lhs,gp_hedge,2.0268683388438506e-05,1.4635527888518796e-06,3.922292961787407e-06,3.577564507317662e-06,4.4702336732000616e-07,6.369037241187655e-05,1.4650800783193914,1.6432449415836379,7.758793607592906e-10,9.062235406531727e-10,0.4054850136935262,183649-211111
forest_minimize,ET,grid,LCB,2.080083823051906e-05,7.745966692414835e-06,7.745966692414835e-06,2.8844991406148213e-06,7.745966692414835e-06,1.074150667386063e-06,1.395929801146018,2.0512064257942146,5.984657214241906e-10,4.2306247394208185e-10,0.8090125618916562,185104-211111
forest_minimize,ET,grid,EI,2.080083823051906e-05,7.745966692414835e-06,7.745966692414835e-06,2.8844991406148213e-06,7.745966692414835e-06,1.074150667386063e-06,1.395929801146018,2.0512064257942146,5.984657214241906e-10,4.2306247394208185e-10,0.8090125618916562,190305-211111
forest_minimize,ET,grid,PI,5.579860144046166e-06,6.360561110885623e-05,6.7958470090593465e-06,3.0444348690359152e-06,4.250009072059915e-05,5.819113440043135e-07,1.1012753676594242,1.9394411217733194,8.193361544783784e-10,7.402718438243028e-10,0.28848899673411044,191540-211111
forest_minimize,ET,grid,gp_hedge,5.579860144046166e-06,6.360561110885623e-05,6.7958470090593465e-06,3.0444348690359152e-06,4.250009072059915e-05,5.819113440043135e-07,1.1012753676594242,1.9394411217733194,8.193361544783784e-10,7.402718438243028e-10,0.28848899673411044,192707-211111
forest_minimize,GBRT,random,LCB,2.3076649419419734e-05,1.4852534288725128e-05,3.057749728203677e-05,1.7224117001081345e-06,2.8832890088130935e-06,8.497125564986081e-07,0.98848283971427,1.5691887028491869,6.143632269584032e-10,8.019798158898084e-10,0.6975990457577382,194102-211111
forest_minimize,GBRT,random,EI,2.3076649419419734e-05,1.4852534288725128e-05,3.057749728203677e-05,1.7224117001081345e-06,2.8832890088130935e-06,8.497125564986081e-07,0.9884828328847531,1.5691887411035768,6.143632269584032e-10,8.019798158898084e-10,0.6975990457577382,194159-211111
forest_minimize,GBRT,random,PI,0.00014047574427082044,3.929409835726041e-06,3.914384783669975e-05,1.288239210192744e-06,3.0840285829284076e-06,1.1188591717362923e-06,1.2883988809530906,1.8946363321195687,6.851523792761327e-10,7.032676663243365e-10,0.33849702610674703,194318-211111
forest_minimize,GBRT,random,gp_hedge,7.686630733817366e-05,1.9511270234824172e-05,3.578335071836511e-06,1.2985904042671102e-06,2.8591286869126724e-05,6.125122835197936e-07,1.578761709801385,2.1912763280308503,9.564922187621505e-10,7.779137334296138e-10,0.5164076753092983,194427-211111
forest_minimize,GBRT,sobol,LCB,0.0001305456488693979,1.414166925701706e-05,1.0711319164426038e-05,1.2729181334538832e-06,4.296665438748644e-05,8.78867731217779e-07,1.4227546334668864,2.432647796104705,9.202967277133212e-10,8.762990333366361e-10,0.5471487127091342,194551-211111
forest_minimize,GBRT,sobol,EI,0.0001305456488693979,1.414166925701706e-05,1.0711319164426038e-05,1.2729181334538832e-06,4.296665438748644e-05,8.78867731217779e-07,1.4227546383759644,2.432647796104705,9.202967277133212e-10,8.762990333366361e-10,0.5471487127091342,194707-211111
forest_minimize,GBRT,sobol,PI,0.00012318830302860862,1.1588264224366624e-06,7.025491486890843e-07,2.038683128225643e-06,6.724880613947732e-07,3.864788115021976e-05,1.5232026639194687,1.723179275319229,7.216991448899535e-10,9.023946034858454e-10,0.4704858634652529,194824-211111
forest_minimize,GBRT,sobol,gp_hedge,0.0001305456488693979,1.414166925701706e-05,1.0711319164426038e-05,1.2729181334538832e-06,4.296665438748644e-05,8.78867731217779e-07,1.4227547349243448,2.43264730890787,9.202967277133212e-10,8.762990333366361e-10,0.5471487127091342,194936-211111
forest_minimize,GBRT,halton,LCB,3.365909835964829e-06,1.5522732780203227e-05,8.316948272879981e-06,1.506598401052637e-05,1.5005861438099216e-05,9.281173540830935e-07,0.927353322093572,2.050728591407996,8.743716861658868e-10,5.22028642535588e-10,0.8051558972574204,195042-211111
forest_minimize,GBRT,halton,EI,5.852546322641169e-06,4.1448753930014027e-07,1.082522699058997e-06,1.0304078736472678e-06,1.027259094451545e-06,3.2761699401174867e-06,1.4797510158388893,2.3013690490484535,9.208176443564753e-10,1.0658807170216278e-09,0.7596740712292752,195142-211111
forest_minimize,GBRT,halton,PI,1.7312989796624213e-06,5.769375676242753e-07,1.455311870758425e-06,2.335749906314463e-06,4.418501358774775e-07,1.601051481850869e-06,1.2077781461727501,1.9008125845908912,8.198663969949394e-10,9.59171408965176e-10,0.35437099989660337,195520-211111
forest_minimize,GBRT,halton,gp_hedge,1.7312989796624213e-06,5.769375676242753e-07,1.455311870758425e-06,2.335749906314463e-06,4.418501358774775e-07,1.601051481850869e-06,1.2077782745201826,1.9008125834780292,8.198663969949394e-10,9.59171408965176e-10,0.35437099989660337,195638-211111
forest_minimize,GBRT,hammersly,LCB,9.440501514887157e-05,8.034608263484978e-06,7.024497411250453e-05,1.1880678523954036e-06,2.98024799423039e-06,8.204720316444067e-07,1.1097088763937282,1.636194502739666,8.556244601720664e-10,8.395941719641087e-10,0.4579425585959661,195735-211111
forest_minimize,GBRT,hammersly,EI,9.440501514887157e-05,8.034608263484978e-06,7.024497411250453e-05,1.1880678523954036e-06,2.98024799423039e-06,8.204720316444067e-07,1.1097086417842623,1.636194503986717,8.556244601720664e-10,8.395941719641087e-10,0.4579425585959661,200112-211111
forest_minimize,GBRT,hammersly,PI,9.440501514887157e-05,8.034608263484978e-06,7.024497411250453e-05,1.1880678523954036e-06,2.98024799423039e-06,8.204720316444067e-07,1.1097088793255494,1.6361945037786445,8.556244601720664e-10,8.395941719641087e-10,0.4579425585959661,200229-211111
forest_minimize,GBRT,hammersly,gp_hedge,9.440501514887157e-05,8.034608263484978e-06,7.024497411250453e-05,1.1880678523954036e-06,2.98024799423039e-06,8.204720316444067e-07,1.109708871094006,1.6361945033050735,8.556244601720664e-10,8.395941719641087e-10,0.4579425585959661,200345-211111
forest_minimize,GBRT,lhs,LCB,0.00013584817441338526,1.836896616584938e-05,1.3252554398942152e-05,9.461809980226165e-07,3.4543565144303755e-05,9.089360167566408e-07,1.321219740590753,2.2617750249299955,7.768301557575796e-10,1.096129409461355e-09,0.5803273133557958,200458-211111
forest_minimize,GBRT,lhs,EI,0.00013584817441338526,1.836896616584938e-05,1.3252554398942152e-05,9.461809980226165e-07,3.4543565144303755e-05,9.089360167566408e-07,1.3212197414977298,2.261775024929997,7.768301557575796e-10,1.096129409461355e-09,0.5803273133557958,200604-211111
forest_minimize,GBRT,lhs,PI,9.009452973299735e-06,5.669255972005006e-07,4.010773187637868e-06,1.1100619365523571e-06,4.1398265562239007e-07,9.443590648896304e-07,1.341473822174287,1.9263808109904286,9.922320742816737e-10,1.0014584717055186e-09,0.5105412743825891,200659-211111
forest_minimize,GBRT,lhs,gp_hedge,0.0001477840162100652,1.1547437292336166e-05,3.970696428484908e-05,1.8723241320109605e-06,2.6798665335838364e-05,1.1376295813621906e-06,1.3442700810169246,2.356120002432708,8.375837801111174e-10,5.843352468559715e-10,0.529071685300714,200801-211111
forest_minimize,GBRT,grid,LCB,2.369717262040337e-06,8.27004699025527e-05,5.553273212263569e-07,3.9923815230799395e-05,0.00013494029390555482,1.5433557777482146e-06,1.3814482357267033,2.218299548813375,9.688294611009951e-10,1.1242988762205641e-09,0.7772952655806573,200934-211111
forest_minimize,GBRT,grid,EI,2.080083823051906e-05,7.745966692414835e-06,7.745966692414835e-06,2.8844991406148213e-06,7.745966692414835e-06,1.074150667386063e-06,1.395929801146018,2.0512064257942146,5.984657214241906e-10,4.2306247394208185e-10,0.8090125618916562,201046-211111
forest_minimize,GBRT,grid,PI,3.853950951300894e-06,0.00010349867002839021,1.4197048814658554e-06,5.122529977609785e-05,7.330947669570746e-05,3.0649463599692956e-06,1.2949854577608655,1.8389544117791032,4.749010074078797e-10,6.998490675869107e-10,0.6292602390476053,201142-211111
forest_minimize,GBRT,grid,gp_hedge,3.853950951300894e-06,0.00010349867002839021,1.4197048814658554e-06,5.122529977609785e-05,7.330947669570746e-05,3.0649463599692956e-06,1.2949855742062286,1.8389545361275257,4.749010074078797e-10,6.998490675869107e-10,0.6292602390476053,201243-211111
gbrt_minimize,GP,random,LCB,2.3076649419419734e-05,1.4852534288725128e-05,3.057749728203677e-05,1.7224117001081345e-06,2.8832890088130935e-06,8.497125564986081e-07,0.9884829447405469,1.5691887028491869,6.143632269584032e-10,8.019798158898084e-10,0.6975990457577382,201409-211111
gbrt_minimize,GP,random,EI,1.5961057841843195e-06,9.97988377247056e-07,1.0341360560534985e-06,8.024688995890638e-06,4.782841655865556e-07,4.932688782271802e-06,1.2569321582774469,1.7082529132416777,5.765912192146061e-10,8.505107729206429e-10,0.535311333713136,201550-211111
gbrt_minimize,GP,random,PI,3.096762156963467e-06,3.3590763210281322e-06,6.00473137842223e-06,3.4298159546547936e-06,1.748015385693917e-05,1.6266015158819336e-06,0.9068513762503421,2.5640185574157757,7.833573789639559e-10,8.040101917572429e-10,0.668945466658095,201722-211111
gbrt_minimize,GP,random,gp_hedge,5.062222710708575e-05,4.914711079426426e-07,2.1559077206090433e-05,1.1380654507287926e-06,4.332608046952731e-07,1.1410087606645628e-06,1.3676324893537606,1.9882399521822773,1.1067893268545959e-09,8.65855831477802e-10,0.49847781663630036,201852-211111
gbrt_minimize,GP,sobol,LCB,0.0001305456488693979,1.414166925701706e-05,1.0711319164426038e-05,1.2729181334538832e-06,4.296665438748644e-05,8.78867731217779e-07,1.4227547349243448,2.43264730890787,9.202967277133212e-10,8.762990333366361e-10,0.5471487127091342,202047-211111
gbrt_minimize,GP,sobol,EI,4.919848774144278e-06,3.424086690126929e-06,5.072789710051864e-07,4.818132801920787e-05,8.581691989036547e-06,6.172707855388104e-05,1.3871779836823284,2.315324282596185,6.430971311033318e-10,7.957376979561559e-10,0.4163416428854699,202213-211111
gbrt_minimize,GP,sobol,PI,0.00013650719425660886,2.206770102808148e-05,1.725901052771399e-05,1.0659762555078907e-06,4.7067823351199883e-07,4.0399673148534566e-07,1.5211339590006296,1.5426717018251244,8.831375630791172e-10,8.076685986679877e-10,0.4491599943639154,202357-211111
gbrt_minimize,GP,sobol,gp_hedge,0.0001305456488693979,1.414166925701706e-05,1.0711319164426038e-05,1.2729181334538832e-06,4.296665438748644e-05,8.78867731217779e-07,1.4227546334668864,2.432647796104705,9.202967277133212e-10,8.762990333366361e-10,0.5471487127091342,202535-211111
gbrt_minimize,GP,halton,LCB,3.976440102138725e-06,0.00012390240050958612,1.34524305799836e-06,1.9818606655358868e-05,0.0001489019866954274,9.459825438910451e-07,1.5411783595624295,2.1487004239229006,9.257945521312649e-10,6.394440532631052e-10,0.6014491039364296,202730-211111
gbrt_minimize,GP,halton,EI,4.339962443762326e-06,3.211531996601837e-05,4.035849512159473e-06,0.00014776126848156114,3.690195808000769e-05,4.718411678436572e-06,1.1619184136883598,2.0511812989267533,8.113687499644584e-10,1.0918945747562248e-09,0.5702867861761682,202904-211111
gbrt_minimize,GP,halton,PI,6.863184063585861e-06,6.40468862346714e-07,7.113243830618959e-07,1.3004462737866108e-06,3.7535100015841e-06,3.969710012702541e-06,1.4825412620815384,2.559252451844402,7.907097199222335e-10,8.674101437122772e-10,0.5064913971825473,203050-211111
gbrt_minimize,GP,halton,gp_hedge,3.081142535334735e-06,6.791699414365962e-07,4.6055945012479035e-06,5.5247638467492595e-06,6.114713738705493e-07,1.9382910476514437e-06,1.0755062032118496,1.9935107312415132,8.101701531870731e-10,5.742641917549918e-10,0.5205244648016454,203243-211111
gbrt_minimize,GP,hammersly,LCB,9.440501514887157e-05,8.034608263484978e-06,7.024497411250453e-05,1.1880678523954036e-06,2.98024799423039e-06,8.204720316444067e-07,1.1097086417842623,1.636194503986717,8.556244601720664e-10,8.395941719641087e-10,0.4579425585959661,203444-211111
gbrt_minimize,GP,hammersly,EI,9.440501514887157e-05,8.034608263484978e-06,7.024497411250453e-05,1.1880678523954036e-06,2.98024799423039e-06,8.204720316444067e-07,1.1097088793255494,1.6361945037786445,8.556244601720664e-10,8.395941719641087e-10,0.4579425585959661,203603-211111
gbrt_minimize,GP,hammersly,PI,1.839497026715181e-06,3.097486172507111e-06,9.444604339348529e-07,2.5467854786720845e-05,2.621039897201439e-06,1.6116915627014418e-06,1.3176340282372538,1.9267267169098463,7.923230960216188e-10,8.491873870752897e-10,0.10699070099980829,203724-211111
gbrt_minimize,GP,hammersly,gp_hedge,9.290695953729172e-06,2.79410799604272e-06,7.295564466867793e-07,3.1555501682530735e-05,2.82969932734922e-06,0.0001276602974645886,1.5882545647400272,1.9576999429969004,8.050293764938488e-10,6.434097699070662e-10,0.3824580921683412,203831-211111
gbrt_minimize,GP,lhs,LCB,0.00013584817441338526,1.836896616584938e-05,1.3252554398942152e-05,9.461809980226165e-07,3.4543565144303755e-05,9.089360167566408e-07,1.321219740590753,2.2617750249299955,7.768301557575796e-10,1.096129409461355e-09,0.5803273133557958,203955-211111
gbrt_minimize,GP,lhs,EI,7.645131592243191e-06,0.00012742119932088793,6.274342159927071e-06,3.5219419035887275e-06,0.00012325085870682712,4.0498909998816175e-07,1.2880347290203191,2.1316381614205864,1.1165033342308561e-09,7.973097737590251e-10,0.5380397622114441,204137-211111
gbrt_minimize,GP,lhs,PI,2.0744497988306767e-06,1.8464890497620912e-05,1.981530291612379e-06,3.1862120592293496e-05,1.1600790217307995e-05,1.3426214188061285e-06,1.2011773328444983,1.8037338677200632,7.982330352263034e-10,8.711689147844481e-10,0.2764171642432792,204327-211111
gbrt_minimize,GP,lhs,gp_hedge,6.57310943571802e-06,3.0029358175326036e-06,7.276140587878611e-07,0.00010960403933600521,3.7108952505706874e-06,1.3457521183254538e-05,1.542539011141073,2.0840845318674424,7.634728405037094e-10,6.043316957971001e-10,0.5016271177516767,204456-211111
gbrt_minimize,GP,grid,LCB,7.511538269346494e-06,0.00014795359399128586,1.5690575516776922e-06,1.4838245623480226e-06,3.8123796020289546e-06,4.980863033106344e-07,1.4860125849191979,1.5583078478313888,7.203362351049236e-10,7.314486794030017e-10,0.4868863915171575,204639-211111
gbrt_minimize,GP,grid,EI,5.699132459946089e-06,6.040546197007009e-06,4.329616847948987e-07,0.00012161608618128616,2.6859423620774054e-06,3.282740945927469e-05,1.3091455659942997,1.6083627620409808,3.859490504964924e-10,8.096003867308355e-10,0.7350253591766716,204839-211111
gbrt_minimize,GP,grid,PI,2.976358171448162e-06,1.2048530643260847e-06,3.4787099486384358e-06,7.666216382929033e-06,9.41984816647375e-07,1.787151522948582e-05,1.1142825883796488,1.8607379450541923,5.82606851651235e-10,7.816787217507226e-10,0.5150238445549377,205007-211111
gbrt_minimize,GP,grid,gp_hedge,2.8414298971389273e-06,6.409409071847737e-05,1.1879998696265915e-06,2.9193712887780396e-06,1.789298958364547e-05,4.0883695803593953e-07,1.4573594699851602,1.7687646602249751,8.95817642287966e-10,7.035527715970602e-10,0.4127978215705851,205126-211111
gbrt_minimize,RF,random,LCB,6.705790023222812e-06,9.914783491815288e-05,1.871017332807212e-05,4.104490827638319e-06,8.50476527131924e-05,7.977076381007156e-07,0.83646203867314,2.014187132691438,7.201097496079001e-10,8.867919731869733e-10,0.6216677111253317,205325-211111
gbrt_minimize,RF,random,EI,1.1061121790792872e-05,0.0001430026369245561,1.2340434400597359e-05,2.968856975220318e-06,0.00013324444165084995,6.530234469773209e-07,1.1222484456288897,2.057051300788839,8.124247941054819e-10,9.52219636474183e-10,0.42940829504182454,205612-211111
gbrt_minimize,RF,random,PI,7.231838468658781e-05,1.798236281155966e-06,4.8186908721867274e-05,1.3420240057855737e-06,1.0990353324864341e-06,1.3223868497671258e-06,1.1447640794069747,1.795448335672674,6.865996660110341e-10,7.718190531136315e-10,0.4082605542317012,205853-211111
gbrt_minimize,RF,random,gp_hedge,8.48254343124321e-06,1.051719489971331e-06,7.400022899018784e-07,1.4278024515188517e-06,9.120277600716231e-07,8.75139300654001e-07,1.5535509172956024,1.9670599098611614,8.00639110565271e-10,6.904148364128559e-10,0.2973074716701933,210124-211111
gbrt_minimize,RF,sobol,LCB,0.0001305456488693979,1.414166925701706e-05,1.0711319164426038e-05,1.2729181334538832e-06,4.296665438748644e-05,8.78867731217779e-07,1.4227546334668864,2.432647796104705,9.202967277133212e-10,8.762990333366361e-10,0.5471487127091342,210440-211111
gbrt_minimize,RF,sobol,EI,0.0001305456488693979,1.414166925701706e-05,1.0711319164426038e-05,1.2729181334538832e-06,4.296665438748644e-05,8.78867731217779e-07,1.4227546334668864,2.432647796104705,9.202967277133212e-10,8.762990333366361e-10,0.5471487127091342,210747-211111
gbrt_minimize,RF,sobol,PI,0.000144609142892117,2.2523788053170558e-06,2.1683945304620223e-06,1.1103977592085145e-06,1.9859451248411407e-06,9.324151567015845e-07,1.4722578859301394,1.9536447385495674,6.57618404176219e-10,7.70034702668454e-10,0.3078641101215333,211029-211111
gbrt_minimize,RF,sobol,gp_hedge,6.343406835431617e-05,1.3189493367490816e-06,4.790516133644657e-06,1.0296128627632886e-06,8.171540855922796e-07,7.007460431531562e-07,1.5198204722860795,1.8326668010956226,8.712182086867415e-10,8.221618941206543e-10,0.30268894217639175,211329-211111
gbrt_minimize,RF,halton,LCB,3.365909835964829e-06,1.5522732780203227e-05,8.316948272879981e-06,1.506598401052637e-05,1.5005861438099216e-05,9.281173540830935e-07,0.927353322093572,2.050728591407996,8.743716861658868e-10,5.22028642535588e-10,0.8051558972574204,211624-211111
gbrt_minimize,RF,halton,EI,3.4528852402118567e-06,4.862798536216841e-05,3.037771673029333e-06,2.062596511150019e-05,7.314136800688527e-05,1.6014297449039228e-06,1.224634287771282,2.1977779617049586,6.485181280879715e-10,6.053655354776311e-10,0.6525747173808052,211933-211111
gbrt_minimize,RF,halton,PI,2.234532254345493e-06,2.1312147683924903e-06,9.243535868262867e-06,2.0534894444448605e-05,3.767926385556721e-06,2.3148012011448052e-06,0.7864353670564198,2.2419156520407975,7.91383403253576e-10,7.525038370204129e-10,0.6372965676993212,212214-211111
gbrt_minimize,RF,halton,gp_hedge,2.234532254345493e-06,2.1312147683924903e-06,9.243535868262867e-06,2.0534894444448605e-05,3.767926385556721e-06,2.3148012011448052e-06,0.7864353670564198,2.2419156520407975,7.91383403253576e-10,7.525038370204129e-10,0.6372965676993212,212524-211111
gbrt_minimize,RF,hammersly,LCB,9.440501514887157e-05,8.034608263484978e-06,7.024497411250453e-05,1.1880678523954036e-06,2.98024799423039e-06,8.204720316444067e-07,1.1097086417842623,1.636194503986717,8.556244601720664e-10,8.395941719641087e-10,0.4579425585959661,212821-211111
gbrt_minimize,RF,hammersly,EI,8.205459169462168e-05,6.894713777907102e-07,7.26537348387629e-06,1.1085604532318444e-06,9.779991177686613e-07,1.824879242001928e-06,1.4973016009266003,2.144648419767452,7.836313820064333e-10,8.152731822974602e-10,0.24848424979129768,213134-211111
gbrt_minimize,RF,hammersly,PI,1.7062188357778245e-06,2.168032673436647e-06,4.018006766299124e-07,1.422555358060694e-05,3.9840098887633924e-06,1.7980012660830464e-06,1.3695044550905713,2.2642390325775317,7.938467661006143e-10,7.883338426495357e-10,0.19787041330153707,213418-211111
gbrt_minimize,RF,hammersly,gp_hedge,1.7062188357778245e-06,2.168032673436647e-06,4.018006766299124e-07,1.422555358060694e-05,3.9840098887633924e-06,1.7980012660830464e-06,1.3695044550905713,2.2642390325775317,7.938467661006143e-10,7.883338426495357e-10,0.19787041330153707,213707-211111
gbrt_minimize,RF,lhs,LCB,0.00013584817441338526,1.836896616584938e-05,1.3252554398942152e-05,9.461809980226165e-07,3.4543565144303755e-05,9.089360167566408e-07,1.321219740590753,2.2617750249299955,7.768301557575796e-10,1.096129409461355e-09,0.5803273133557958,214005-211111
gbrt_minimize,RF,lhs,EI,0.00013584817441338526,1.836896616584938e-05,1.3252554398942152e-05,9.461809980226165e-07,3.4543565144303755e-05,9.089360167566408e-07,1.321219740590753,2.2617750249299955,7.768301557575796e-10,1.096129409461355e-09,0.5803273133557958,214317-211111
gbrt_minimize,RF,lhs,PI,1.6056029072184096e-05,1.6750669997774978e-06,7.120176542288226e-07,2.6269020071722653e-06,1.6054142514625635e-06,4.508910144381474e-05,1.4301830955160435,1.902784147516988,5.424709570434061e-10,8.774430071412098e-10,0.5023232621217382,214616-211111
gbrt_minimize,RF,lhs,gp_hedge,1.6056029072184096e-05,1.6750669997774978e-06,7.120176542288226e-07,2.6269020071722653e-06,1.6054142514625635e-06,4.508910144381474e-05,1.4301830955160435,1.902784147516988,5.424709570434061e-10,8.774430071412098e-10,0.5023232621217382,214901-211111
gbrt_minimize,RF,grid,LCB,5.584597685512744e-06,1.514782712172368e-06,8.156592545802832e-07,2.917494980123428e-06,3.785719811592266e-05,5.447357254927317e-06,1.4089851826384931,2.752850410002477,7.425180470477244e-10,6.215614689608628e-10,0.7503114545184872,215229-211111
gbrt_minimize,RF,grid,EI,0.0001041424898877887,6.779898661638349e-07,1.9284296768544628e-05,1.8229779851453047e-06,4.521805534974216e-07,6.795651502959781e-06,1.5153667282943555,1.849226965982351,7.690523773362656e-10,6.124034612753348e-10,0.4473525418438736,215505-211111
gbrt_minimize,RF,grid,PI,5.9224136823271755e-05,5.574849641730066e-05,1.067212033185233e-06,1.3182737766118292e-06,3.310268384762797e-05,5.912828221783326e-07,1.592756254520925,1.824962103270305,7.398495149857354e-10,7.933467216503232e-10,0.3274461503211254,215833-211111
gbrt_minimize,RF,grid,gp_hedge,5.9224136823271755e-05,5.574849641730066e-05,1.067212033185233e-06,1.3182737766118292e-06,3.310268384762797e-05,5.912828221783326e-07,1.592756254520925,1.824962103270305,7.398495149857354e-10,7.933467216503232e-10,0.3274461503211254,220131-211111
gbrt_minimize,ET,random,LCB,2.3076649419419734e-05,1.4852534288725128e-05,3.057749728203677e-05,1.7224117001081345e-06,2.8832890088130935e-06,8.497125564986081e-07,0.9884828458995508,1.5691887411044705,6.143632269584032e-10,8.019798158898084e-10,0.6975990457577382,220418-211111
gbrt_minimize,ET,random,EI,2.3076649419419734e-05,1.4852534288725128e-05,3.057749728203677e-05,1.7224117001081345e-06,2.8832890088130935e-06,8.497125564986081e-07,0.9884828458995508,1.5691887411044705,6.143632269584032e-10,8.019798158898084e-10,0.6975990457577382,220717-211111
gbrt_minimize,ET,random,PI,2.8255408478219433e-05,1.0096277431402908e-05,2.4347206561786097e-05,1.5735123075299221e-06,6.35536861873469e-06,5.475112374366513e-07,1.158111240623303,1.8862559902452243,9.798379885239683e-10,7.844809246648765e-10,0.4190252251977548,221004-211111
gbrt_minimize,ET,random,gp_hedge,4.344215581626812e-06,6.747534996815045e-06,2.457805272530973e-06,2.0562234774526623e-06,2.406208540386862e-06,5.7059001074559e-07,1.312780444273446,1.7461497063327196,8.084546365694223e-10,7.054943296225247e-10,0.2608089664166954,221328-211111
gbrt_minimize,ET,sobol,LCB,0.0001305456488693979,1.414166925701706e-05,1.0711319164426038e-05,1.2729181334538832e-06,4.296665438748644e-05,8.78867731217779e-07,1.4227546334668864,2.432647796104705,9.202967277133212e-10,8.762990333366361e-10,0.5471487127091342,221619-211111
gbrt_minimize,ET,sobol,EI,0.0001305456488693979,1.414166925701706e-05,1.0711319164426038e-05,1.2729181334538832e-06,4.296665438748644e-05,8.78867731217779e-07,1.4227546334668864,2.432647796104705,9.202967277133212e-10,8.762990333366361e-10,0.5471487127091342,221938-211111
gbrt_minimize,ET,sobol,PI,0.00010404696288656275,2.120067134911364e-06,2.815394909156891e-05,1.139850936717802e-06,7.60264185387359e-07,8.126392415336966e-07,1.353007412716489,1.6566634354249512,7.901457266257239e-10,7.863194539936558e-10,0.18207540918612183,222225-211111
gbrt_minimize,ET,sobol,gp_hedge,7.42035855316052e-05,8.493638450330435e-07,1.1838390021282451e-05,1.3092458054220805e-06,1.4735059176677164e-06,6.838496712363513e-06,1.3970792105931211,2.189532725183818,6.339191394033605e-10,8.35894020667638e-10,0.4101795870122984,222552-211111
gbrt_minimize,ET,halton,LCB,3.365909835964829e-06,1.5522732780203227e-05,8.316948272879981e-06,1.506598401052637e-05,1.5005861438099216e-05,9.281173540830935e-07,0.927353322093572,2.050728591407996,8.743716861658868e-10,5.22028642535588e-10,0.8051558972574204,222854-211111
gbrt_minimize,ET,halton,EI,3.365909835964829e-06,1.5522732780203227e-05,8.316948272879981e-06,1.506598401052637e-05,1.5005861438099216e-05,9.281173540830935e-07,0.927353322093572,2.050728591407996,8.743716861658868e-10,5.22028642535588e-10,0.8051558972574204,223148-211111
gbrt_minimize,ET,halton,PI,2.867706408499645e-06,6.124302403609939e-05,1.5289581987599407e-06,3.559633909415965e-05,6.710322231461677e-07,1.463525221025682e-06,1.3460411834594206,1.471942056960948,5.912861311685447e-10,6.473257485595241e-10,0.6998255265438456,223441-211111
gbrt_minimize,ET,halton,gp_hedge,2.867706408499645e-06,6.124302403609939e-05,1.5289581987599407e-06,3.559633909415965e-05,6.710322231461677e-07,1.463525221025682e-06,1.3460411834594206,1.471942056960948,5.912861311685447e-10,6.473257485595241e-10,0.699825641485962,223726-211111
gbrt_minimize,ET,hammersly,LCB,9.440501514887157e-05,8.034608263484978e-06,7.024497411250453e-05,1.1880678523954036e-06,2.98024799423039e-06,8.204720316444067e-07,1.1097086417842623,1.636194503986717,8.556244601720664e-10,8.395941719641087e-10,0.4579425585959661,224029-211111
gbrt_minimize,ET,hammersly,EI,9.440501514887157e-05,8.034608263484978e-06,7.024497411250453e-05,1.1880678523954036e-06,2.98024799423039e-06,8.204720316444067e-07,1.1097086417842623,1.636194503986717,8.556244601720664e-10,8.395941719641087e-10,0.4579425585959661,224321-211111
gbrt_minimize,ET,hammersly,PI,2.602715708652256e-06,8.16024867607933e-06,1.7751171164394576e-06,2.271363735581413e-06,2.382246512272855e-06,4.351963734724086e-07,1.2777668189103528,1.7179587399809264,8.907803383806367e-10,7.953699920904e-10,0.2917645108877004,224635-211111
gbrt_minimize,ET,hammersly,gp_hedge,2.602715708652256e-06,8.16024867607933e-06,1.7751171164394576e-06,2.271363735581413e-06,2.382246512272855e-06,4.351963734724086e-07,1.2777668189103528,1.7179587399809264,8.907803383806367e-10,7.953699920904e-10,0.2917645108877004,224910-211111
gbrt_minimize,ET,lhs,LCB,0.00013584817441338526,1.836896616584938e-05,1.3252554398942152e-05,9.461809980226165e-07,3.4543565144303755e-05,9.089360167566408e-07,1.321219740590753,2.2617750249299955,7.768301557575796e-10,1.096129409461355e-09,0.5803273133557958,225257-211111
gbrt_minimize,ET,lhs,EI,1.3070305973664449e-05,3.65481747893352e-06,8.4645710391947e-06,0.00014406833799417924,1.437683317356994e-06,0.00012528670337670059,1.3966153698573345,1.7746833030246436,8.838898502006032e-10,6.547002939782942e-10,0.41092284732481255,225617-211111
gbrt_minimize,ET,lhs,PI,4.47075428222831e-05,1.1453636402073466e-06,4.783908436565921e-06,2.4325154572220853e-06,4.83003312432996e-07,3.799161708445068e-05,1.5091577325944439,1.6871579426516283,7.306555360742095e-10,8.343397084331627e-10,0.3822907082142393,225850-211111
gbrt_minimize,ET,lhs,gp_hedge,2.0268683388438506e-05,1.4635527888518796e-06,3.922292961787407e-06,3.577564507317662e-06,4.4702336732000616e-07,6.369037241187655e-05,1.4650800783193914,1.6432449415836379,7.758793607592906e-10,9.062235406531727e-10,0.4054850136935262,230143-211111
gbrt_minimize,ET,grid,LCB,2.080083823051906e-05,7.745966692414835e-06,7.745966692414835e-06,2.8844991406148213e-06,7.745966692414835e-06,1.074150667386063e-06,1.395929801146018,2.0512064257942146,5.984657214241906e-10,4.2306247394208185e-10,0.8090125618916562,230513-211111
gbrt_minimize,ET,grid,EI,2.080083823051906e-05,7.745966692414835e-06,7.745966692414835e-06,2.8844991406148213e-06,7.745966692414835e-06,1.074150667386063e-06,1.395929801146018,2.0512064257942146,5.984657214241906e-10,4.2306247394208185e-10,0.8090125618916562,230746-211111
gbrt_minimize,ET,grid,PI,5.579860144046166e-06,6.360561110885623e-05,6.7958470090593465e-06,3.0444348690359152e-06,4.250009072059915e-05,5.819113440043135e-07,1.1012753676594242,1.9394411217733194,8.193361544783784e-10,7.402718438243028e-10,0.28848899673411044,231033-211111
gbrt_minimize,ET,grid,gp_hedge,5.579860144046166e-06,6.360561110885623e-05,6.7958470090593465e-06,3.0444348690359152e-06,4.250009072059915e-05,5.819113440043135e-07,1.1012753676594242,1.9394411217733194,8.193361544783784e-10,7.402718438243028e-10,0.28848899673411044,231414-211111
gbrt_minimize,GBRT,random,LCB,2.3076649419419734e-05,1.4852534288725128e-05,3.057749728203677e-05,1.7224117001081345e-06,2.8832890088130935e-06,8.497125564986081e-07,0.98848283971427,1.5691887028491869,6.143632269584032e-10,8.019798158898084e-10,0.6975990457577382,231704-211111
gbrt_minimize,GBRT,random,EI,2.3076649419419734e-05,1.4852534288725128e-05,3.057749728203677e-05,1.7224117001081345e-06,2.8832890088130935e-06,8.497125564986081e-07,0.9884828328847531,1.5691887411035768,6.143632269584032e-10,8.019798158898084e-10,0.6975990457577382,231750-211111
gbrt_minimize,GBRT,random,PI,0.00014047574427082044,3.929409835726041e-06,3.914384783669975e-05,1.288239210192744e-06,3.0840285829284076e-06,1.1188591717362923e-06,1.2883988809530906,1.8946363321195687,6.851523792761327e-10,7.032676663243365e-10,0.33849702610674703,231918-211111
gbrt_minimize,GBRT,random,gp_hedge,7.686630733817366e-05,1.9511270234824172e-05,3.578335071836511e-06,1.2985904042671102e-06,2.8591286869126724e-05,6.125122835197936e-07,1.578761709801385,2.1912763280308503,9.564922187621505e-10,7.779137334296138e-10,0.5164076753092983,232005-211111
gbrt_minimize,GBRT,sobol,LCB,0.0001305456488693979,1.414166925701706e-05,1.0711319164426038e-05,1.2729181334538832e-06,4.296665438748644e-05,8.78867731217779e-07,1.4227544953106634,2.432647796104705,9.202967277133212e-10,8.762990333366361e-10,0.5471487127091342,232115-211111
gbrt_minimize,GBRT,sobol,EI,0.0001305456488693979,1.414166925701706e-05,1.0711319164426038e-05,1.2729181334538832e-06,4.296665438748644e-05,8.78867731217779e-07,1.4227546334668864,2.432647796104705,9.202967277133212e-10,8.762990333366361e-10,0.5471487127091342,232223-211111
gbrt_minimize,GBRT,sobol,PI,0.0001305456488693979,1.414166925701706e-05,1.0711319164426038e-05,1.2729181334538832e-06,4.296665438748644e-05,8.78867731217779e-07,1.4227546383759644,2.432647796104705,9.202967277133212e-10,8.762990333366361e-10,0.5471487127091342,232309-211111
gbrt_minimize,GBRT,sobol,gp_hedge,0.0001305456488693979,1.414166925701706e-05,1.0711319164426038e-05,1.2729181334538832e-06,4.296665438748644e-05,8.78867731217779e-07,1.4227546334668864,2.432647796104705,9.202967277133212e-10,8.762990333366361e-10,0.5471487127091342,232436-211111
gbrt_minimize,GBRT,halton,LCB,3.365909835964829e-06,1.5522732780203227e-05,8.316948272879981e-06,1.506598401052637e-05,1.5005861438099216e-05,9.281173540830935e-07,0.9273534772121987,2.0507286123410795,8.743716861658868e-10,5.22028642535588e-10,0.8051558972574204,232628-211111
gbrt_minimize,GBRT,halton,EI,5.852546322641169e-06,4.1448753930014027e-07,1.082522699058997e-06,1.0304078736472678e-06,1.027259094451545e-06,3.2761699401174867e-06,1.4797510158388893,2.3013690490484535,9.208176443564753e-10,1.0658807170216278e-09,0.7596740712292752,232735-211111
gbrt_minimize,GBRT,halton,PI,1.7312989796624213e-06,5.769375676242753e-07,1.455311870758425e-06,2.335749906314463e-06,4.418501358774775e-07,1.601051481850869e-06,1.2077781461727501,1.9008125845908912,8.198663969949394e-10,9.59171408965176e-10,0.35437099989660337,232915-211111
gbrt_minimize,GBRT,halton,gp_hedge,1.7312989796624213e-06,5.769375676242753e-07,1.455311870758425e-06,2.335749906314463e-06,4.418501358774775e-07,1.601051481850869e-06,1.2077780411979242,1.9008125845908892,8.198663969949394e-10,9.59171408965176e-10,0.35437099989660337,233002-211111
gbrt_minimize,GBRT,hammersly,LCB,9.440501514887157e-05,8.034608263484978e-06,7.024497411250453e-05,1.1880678523954036e-06,2.98024799423039e-06,8.204720316444067e-07,1.1097086417842623,1.636194503986717,8.556244601720664e-10,8.395941719641087e-10,0.4579425585959661,233103-211111
gbrt_minimize,GBRT,hammersly,EI,9.440501514887157e-05,8.034608263484978e-06,7.024497411250453e-05,1.1880678523954036e-06,2.98024799423039e-06,8.204720316444067e-07,1.1097088793255494,1.6361945037786445,8.556244601720664e-10,8.395941719641087e-10,0.4579425585959661,233233-211111
gbrt_minimize,GBRT,hammersly,PI,9.440501514887157e-05,8.034608263484978e-06,7.024497411250453e-05,1.1880678523954036e-06,2.98024799423039e-06,8.204720316444067e-07,1.1097086417842623,1.636194503986717,8.556244601720664e-10,8.395941719641087e-10,0.4579425585959661,233322-211111
gbrt_minimize,GBRT,hammersly,gp_hedge,9.440501514887157e-05,8.034608263484978e-06,7.024497411250453e-05,1.1880678523954036e-06,2.98024799423039e-06,8.204720316444067e-07,1.1097088793255494,1.6361945037786445,8.556244601720664e-10,8.395941719641087e-10,0.4579425585959661,233514-211111
gbrt_minimize,GBRT,lhs,LCB,0.00013584817441338526,1.836896616584938e-05,1.3252554398942152e-05,9.461809980226165e-07,3.4543565144303755e-05,9.089360167566408e-07,1.321219737503599,2.2617750249299955,7.768301557575796e-10,1.096129409461355e-09,0.5803273133557958,233659-211111
gbrt_minimize,GBRT,lhs,EI,0.00013584817441338526,1.836896616584938e-05,1.3252554398942152e-05,9.461809980226165e-07,3.4543565144303755e-05,9.089360167566408e-07,1.321219740590753,2.2617750249299955,7.768301557575796e-10,1.096129409461355e-09,0.5803274082592446,233746-211111
gbrt_minimize,GBRT,lhs,PI,9.009452973299735e-06,5.669255972005006e-07,4.010773187637868e-06,1.1100619365523571e-06,4.1398265562239007e-07,9.443590648896304e-07,1.3414738552196965,1.926381073077778,9.922320742816737e-10,1.0014584717055186e-09,0.5105412743825891,233940-211111
gbrt_minimize,GBRT,lhs,gp_hedge,0.0001477840162100652,1.1547437292336166e-05,3.970696428484908e-05,1.8723241320109605e-06,2.6798665335838364e-05,1.1376295813621906e-06,1.3442701081698545,2.3561200382802436,8.375837801111174e-10,5.843352468559715e-10,0.529071685300714,234112-211111
gbrt_minimize,GBRT,grid,LCB,2.080083823051906e-05,7.745966692414835e-06,7.745966692414835e-06,2.8844991406148213e-06,7.745966692414835e-06,1.074150667386063e-06,1.395929695302243,2.051206370491716,5.984657214241906e-10,4.2306247394208185e-10,0.8090125618916562,234203-211111
gbrt_minimize,GBRT,grid,EI,2.080083823051906e-05,7.745966692414835e-06,7.745966692414835e-06,2.8844991406148213e-06,7.745966692414835e-06,1.074150667386063e-06,1.395929801146018,2.0512064257942146,5.984657214241906e-10,4.2306247394208185e-10,0.8090125618916562,234302-211111
gbrt_minimize,GBRT,grid,PI,3.853950951300894e-06,0.00010349867002839021,1.4197048814658554e-06,5.122529977609785e-05,7.330947669570746e-05,3.0649463599692956e-06,1.2949855742062286,1.8389545361275257,4.749010074078797e-10,6.998490675869107e-10,0.6292602390476053,234425-211111
gbrt_minimize,GBRT,grid,gp_hedge,3.853950951300894e-06,0.00010349867002839021,1.4197048814658554e-06,5.122529977609785e-05,7.330947669570746e-05,3.0649463599692956e-06,1.2949855730986177,1.8389545361275283,4.749010074078797e-10,6.998490675869107e-10,0.6292602390476053,234513-211111
gp_minimize,GP,random,LCB,2.3076649419419734e-05,1.4852534288725128e-05,3.057749728203677e-05,1.7224117001081345e-06,2.8832890088130935e-06,8.497125564986081e-07,0.9884828458995508,1.5691887411044705,6.143632269584032e-10,8.019798158898084e-10,0.6975990457577382,234702-211111
gp_minimize,GP,random,EI,5.162562337579975e-06,5.6456373800807645e-05,3.0279287260848956e-06,0.00013172631660883852,2.766553204982746e-06,1.901062330383752e-06,1.4104228267181944,1.5995920045242125,9.606915263304927e-10,8.092930769976192e-10,0.43693481151732594,234945-211111
gp_minimize,GP,random,PI,5.219192433662686e-06,1.930441014199831e-06,4.011054707397713e-06,5.099595963961924e-05,1.519716973327108e-06,2.6263241331615417e-05,1.31561762078104,1.8796904707184878,7.255884781898203e-10,6.070477454045431e-10,0.3957292892930923,235107-211111
gp_minimize,GP,random,gp_hedge,2.3076649419419734e-05,1.4852534288725128e-05,3.057749728203677e-05,1.7224117001081345e-06,2.8832890088130935e-06,8.497125564986081e-07,0.9884828458995508,1.5691887411044705,6.143632269584032e-10,8.019798158898084e-10,0.6975990457577382,235342-211111
gp_minimize,GP,sobol,LCB,0.0001305456488693979,1.414166925701706e-05,1.0711319164426038e-05,1.2729181334538832e-06,4.296665438748644e-05,8.78867731217779e-07,1.4227546334668864,2.432647796104705,9.202967277133212e-10,8.762990333366361e-10,0.5471487127091342,235632-211111
gp_minimize,GP,sobol,EI,4.784168961722089e-05,4.726249547193879e-06,1.924219131910955e-06,9.703580258145284e-07,8.858007439910306e-06,8.002623023935805e-07,1.4142516828146945,2.26619056411638,8.374865245741603e-10,9.426370795040384e-10,0.4348973514589137,235756-211111
gp_minimize,GP,sobol,PI,0.00015000000000000004,5.824561343823838e-05,1.7769345027090867e-05,1.0925645228510612e-06,4.000000000000001e-07,4.7602789191690044e-07,1.493169175396979,1.503657257932254,8.170601972778968e-10,7.746869812308432e-10,0.3879114487354771,000027-211112
gp_minimize,GP,sobol,gp_hedge,0.0001260492394225728,2.720448270566871e-05,1.1929798096896919e-05,1.256825864266962e-06,2.560394553851434e-05,7.009995865872231e-07,1.4743169607594948,1.9907936192296405,7.936149515330726e-10,8.02262256627273e-10,0.12381554053301173,000248-211112
gp_minimize,GP,halton,LCB,4.967597639290657e-06,6.077071841256545e-07,3.859092369086948e-06,5.14425174265592e-06,6.2843673869283e-07,9.749664074511637e-06,1.3005468755726695,2.0419945740476217,9.084151209037827e-10,5.44283729198014e-10,0.5389728840398723,000457-211112
gp_minimize,GP,halton,EI,3.365909835964829e-06,1.5522732780203227e-05,8.316948272879981e-06,1.506598401052637e-05,1.5005861438099216e-05,9.281173540830935e-07,0.927353322093572,2.050728591407996,8.743716861658868e-10,5.22028642535588e-10,0.8051558972574204,000720-211112
gp_minimize,GP,halton,PI,3.5132657651911526e-06,1.6845348647500714e-05,1.4944122446681868e-05,1.2701026340054384e-05,9.593009881968915e-06,9.094865447230659e-07,0.7696436605832899,1.8864833563588868,7.86043230505129e-10,5.398099744979845e-10,0.8051497303481152,000932-211112
gp_minimize,GP,halton,gp_hedge,5.877451077117776e-06,1.0046275137781379e-06,8.835487817370326e-07,8.009924651901142e-06,1.5886349718592834e-06,5.299056356361578e-05,1.6308467954373922,2.150323563501367,1.081580602857457e-09,7.118421407881215e-10,0.7729377734384304,001057-211112
gp_minimize,GP,hammersly,LCB,9.440501514887157e-05,8.034608263484978e-06,7.024497411250453e-05,1.1880678523954036e-06,2.98024799423039e-06,8.204720316444067e-07,1.1097086417842623,1.636194503986717,8.556244601720664e-10,8.395941719641087e-10,0.4579425585959661,001347-211112
gp_minimize,GP,hammersly,EI,9.440501514887157e-05,8.034608263484978e-06,7.024497411250453e-05,1.1880678523954036e-06,2.98024799423039e-06,8.204720316444067e-07,1.1097088793255494,1.6361945037786445,8.556244601720664e-10,8.395941719641087e-10,0.4579425585959661,001600-211112
gp_minimize,GP,hammersly,PI,9.440501514887157e-05,8.034608263484978e-06,7.024497411250453e-05,1.1880678523954036e-06,2.98024799423039e-06,8.204720316444067e-07,1.1097086417842623,1.636194503986717,8.556244601720664e-10,8.395941719641087e-10,0.45794278423997004,001721-211112
gp_minimize,GP,hammersly,gp_hedge,9.440501514887157e-05,8.034608263484978e-06,7.024497411250453e-05,1.1880678523954036e-06,2.98024799423039e-06,8.204720316444067e-07,1.1097088793255494,1.6361945037786445,8.556244601720664e-10,8.395941719641087e-10,0.4579425585959661,001940-211112
gp_minimize,GP,lhs,LCB,0.00013584817441338526,1.836896616584938e-05,1.3252554398942152e-05,9.461809980226165e-07,3.4543565144303755e-05,9.089360167566408e-07,1.321219740590753,2.2617750249299955,7.768301557575796e-10,1.096129409461355e-09,0.5803273133557958,002250-211112
gp_minimize,GP,lhs,EI,0.00013584817441338526,1.836896616584938e-05,1.3252554398942152e-05,9.461809980226165e-07,3.4543565144303755e-05,9.089360167566408e-07,1.3212197414977298,2.261775024929997,7.768301557575796e-10,1.096129409461355e-09,0.5803273133557958,002416-211112
gp_minimize,GP,lhs,PI,1.0454058725919093e-05,5.8555843100762745e-05,4.000000000000001e-07,1.0981392008912263e-06,4.5632771097696996e-06,5.424282117131955e-07,1.4997906271281831,1.4997877884743196,6.78040290580384e-10,8.507532456292211e-10,0.5577249279381364,002552-211112
gp_minimize,GP,lhs,gp_hedge,0.00013584817441338526,1.836896616584938e-05,1.3252554398942152e-05,9.461809980226165e-07,3.4543565144303755e-05,9.089360167566408e-07,1.321219740590753,2.2617750249299955,7.768301557575796e-10,1.096129409461355e-09,0.5803273133557958,002823-211112
gp_minimize,GP,grid,LCB,7.475754472641704e-06,1.0624835145851049e-06,5.738069780034388e-06,6.9095832052901925e-06,1.456864309858964e-06,4.041221326975308e-05,1.2770921651899134,2.100681255804163,8.905316484231207e-10,7.279137292925952e-10,0.3345506908938296,003029-211112
gp_minimize,GP,grid,EI,5.662622371928973e-05,0.00015000000000000004,8.652520584562605e-07,9.76553420151101e-07,4.000000000000001e-07,4.000000000000001e-07,1.5480722823123072,1.5480687126258537,7.577418692505944e-10,8.33894731044893e-10,0.4480422615963002,003315-211112
gp_minimize,GP,grid,PI,8.094688352357445e-06,2.6063795332285884e-05,4.000000000000001e-07,1.1130279676115484e-06,4.000000000000001e-07,4.000000000000001e-07,1.546719018819496,1.546703446564171,7.678115920839446e-10,8.455005584551145e-10,0.449647744563071,003445-211112
gp_minimize,GP,grid,gp_hedge,2.696318709748512e-06,1.068141398845385e-06,1.0932740620361136e-06,6.39517260002258e-06,1.3911082924288224e-05,9.956377761636724e-06,1.3681290984716488,2.683929491243534,8.343308266489657e-10,6.772067351334954e-10,0.5862081742987961,003707-211112
gp_minimize,RF,random,LCB,6.705790023222812e-06,9.914783491815288e-05,1.871017332807212e-05,4.104490827638319e-06,8.50476527131924e-05,7.977076381007139e-07,0.83646203867314,2.014187132691438,7.201097496079001e-10,8.867919731869733e-10,0.6216677111253317,004022-211112
gp_minimize,RF,random,EI,1.1061121790792872e-05,0.0001430026369245561,1.2340434400597359e-05,2.968856975220318e-06,0.00013324444165084995,6.530234469773209e-07,1.1222484456288897,2.057051300788839,8.124247941054819e-10,9.52219636474183e-10,0.42940829504182454,005227-211112
gp_minimize,RF,random,PI,7.231838468658781e-05,1.798236281155966e-06,4.8186908721867274e-05,1.342024005785571e-06,1.0990353324864341e-06,1.3223868497671258e-06,1.1447640794069747,1.795448335672674,6.865996660110341e-10,7.718190531136315e-10,0.4082605542317012,010452-211112
gp_minimize,RF,random,gp_hedge,8.48254343124321e-06,1.051719489971331e-06,7.400022899018784e-07,1.4278024515188517e-06,9.120277600716231e-07,8.75139300654001e-07,1.5535509215139387,1.967059909861152,8.00639110565271e-10,6.904148364128559e-10,0.2973074716701933,012018-211112
gp_minimize,RF,sobol,LCB,0.0001305456488693979,1.414166925701706e-05,1.0711319164426038e-05,1.2729181334538832e-06,4.296665438748644e-05,8.78867731217779e-07,1.4227546334668864,2.432647796104705,9.202967277133212e-10,8.762990333366361e-10,0.5471487127091342,013400-211112
gp_minimize,RF,sobol,EI,0.0001305456488693979,1.414166925701706e-05,1.0711319164426038e-05,1.2729181334538832e-06,4.296665438748644e-05,8.78867731217779e-07,1.4227546334668864,2.432647796104705,9.202967277133212e-10,8.762990333366361e-10,0.5471487127091342,014645-211112
gp_minimize,RF,sobol,PI,0.000144609142892117,2.2523788053170558e-06,2.1683945304620223e-06,1.1103977592085145e-06,1.9859451248411407e-06,9.324151567015845e-07,1.4722578859301394,1.9536447385495674,6.57618404176219e-10,7.70034702668454e-10,0.3078641101215333,020228-211112
gp_minimize,RF,sobol,gp_hedge,6.343406835431617e-05,1.3189493367490816e-06,4.790516133644657e-06,1.0296128627632886e-06,8.171540855922796e-07,7.007460431531562e-07,1.5198204722860795,1.8326668010956226,8.712182086867415e-10,8.221618941206543e-10,0.30268894217639175,021538-211112
gp_minimize,RF,halton,LCB,3.365909835964829e-06,1.5522732780203227e-05,8.316948272879981e-06,1.506598401052637e-05,1.5005861438099216e-05,9.281173540830935e-07,0.927353322093572,2.050728591407996,8.743716861658868e-10,5.22028642535588e-10,0.8051558972574204,022833-211112
gp_minimize,RF,halton,EI,3.4528852402118567e-06,4.862798536216841e-05,3.037771673029333e-06,2.062596511150019e-05,7.314136800688527e-05,1.6014297449039194e-06,1.2246342845655325,2.1977779617073883,6.485181280879715e-10,6.053655354776311e-10,0.6525747173808052,024340-211112
gp_minimize,RF,halton,PI,2.234532254345493e-06,2.1312147683924903e-06,9.243535868262867e-06,2.0534894444448605e-05,3.767926385556721e-06,2.3148012011448052e-06,0.7864353670564198,2.2419156520407975,7.91383403253576e-10,7.525038370204129e-10,0.6372965676993212,025715-211112
gp_minimize,RF,halton,gp_hedge,2.234532254345493e-06,2.1312147683924903e-06,9.243535868262867e-06,2.0534894444448605e-05,3.767926385556721e-06,2.3148012011448052e-06,0.7864353670564198,2.2419156520407975,7.91383403253576e-10,7.525038370204129e-10,0.6372965676993212,030949-211112
gp_minimize,RF,hammersly,LCB,9.440501514887157e-05,8.034608263484978e-06,7.024497411250453e-05,1.1880678523954036e-06,2.98024799423039e-06,8.204720316444067e-07,1.1097086417842623,1.636194503986717,8.556244601720664e-10,8.395941719641087e-10,0.4579425585959661,032739-211112
gp_minimize,RF,hammersly,EI,8.205459169462168e-05,6.894713777907087e-07,7.26537348387629e-06,1.1085604532318444e-06,9.779991177686613e-07,1.824879242001928e-06,1.4973016009266003,2.144648419767452,7.836313820064333e-10,8.152731822974602e-10,0.24848424979129768,034135-211112
gp_minimize,RF,hammersly,PI,1.7062188357778245e-06,2.168032673436647e-06,4.018006766299124e-07,1.422555358060694e-05,3.9840098887633924e-06,1.7980012660830464e-06,1.3695044550905713,2.2642390325775317,7.938467661006143e-10,7.883338426495357e-10,0.19787041330153707,035358-211112
gp_minimize,RF,hammersly,gp_hedge,1.7062188357778245e-06,2.168032673436647e-06,4.018006766299124e-07,1.422555358060694e-05,3.9840098887633924e-06,1.7980012660830464e-06,1.3695044550905713,2.2642390325775317,7.938467661006143e-10,7.883338426495357e-10,0.19787041330153707,040909-211112
gp_minimize,RF,lhs,LCB,0.00013584817441338526,1.836896616584938e-05,1.3252554398942152e-05,9.461809980226165e-07,3.4543565144303755e-05,9.089360167566408e-07,1.3212199257408253,2.2617750973472006,7.768301557575796e-10,1.096129409461355e-09,0.5803273133557958,042227-211112
gp_minimize,RF,lhs,EI,8.817227306965626e-06,7.724236418805276e-06,8.609248071374454e-07,2.7536762806316608e-06,0.00013619290060701327,2.8178446943766714e-06,1.3081531120234255,2.729036924689681,7.423217596169707e-10,7.765619258748302e-10,0.531899203158189,043448-211112
gp_minimize,RF,lhs,PI,1.6056029072184096e-05,1.6750669997774978e-06,7.120176542288226e-07,2.6269020071722653e-06,1.6054142514625635e-06,4.508910144381474e-05,1.4301830955160435,1.902784147516988,5.424709570434061e-10,8.774430071412098e-10,0.5023232621217382,044902-211112
gp_minimize,RF,lhs,gp_hedge,1.6056029072184096e-05,1.6750669997774978e-06,7.120176542288226e-07,2.6269020071722653e-06,1.6054142514625635e-06,4.508910144381474e-05,1.4301830955160435,1.902784147516988,5.424709570434061e-10,8.774430071412098e-10,0.5023232058732903,050209-211112
gp_minimize,RF,grid,LCB,5.584597685512744e-06,1.5147827121723651e-06,8.156592545802832e-07,2.917494980123428e-06,3.785719811592266e-05,5.447357254927306e-06,1.4089851826384931,2.752850410002477,7.425180470477244e-10,6.215614689608628e-10,0.7503114545184872,052523-211112
gp_minimize,RF,grid,EI,0.0001041424898877887,6.779898661638349e-07,1.9284296768544628e-05,1.8229779851453047e-06,4.521805534974216e-07,6.795651502959767e-06,1.5153667282943555,1.849226965982351,7.690523773362656e-10,6.124034612753348e-10,0.4473525418438736,053914-211112
gp_minimize,RF,grid,PI,5.9224136823271755e-05,5.574849641730066e-05,1.067212033185233e-06,1.3182737766118292e-06,3.310268384762797e-05,5.912828221783315e-07,1.5927565328073987,1.8249621032842627,7.398495149857354e-10,7.933467216503232e-10,0.3274461503211254,055236-211112
gp_minimize,RF,grid,gp_hedge,5.9224136823271755e-05,5.574849641730066e-05,1.067212033185233e-06,1.3182737766118292e-06,3.310268384762797e-05,5.912828221783315e-07,1.592756254520925,1.824962103270305,7.398495149857354e-10,7.933467216503232e-10,0.3274461503211254,060501-211112
gp_minimize,ET,random,LCB,2.3076649419419734e-05,1.4852534288725128e-05,3.057749728203677e-05,1.7224117001081345e-06,2.8832890088130935e-06,8.497125564986081e-07,0.9884828458995508,1.5691887411044705,6.143632269584032e-10,8.019798158898084e-10,0.6975990457577382,061904-211112
gp_minimize,ET,random,EI,2.3076649419419734e-05,1.4852534288725128e-05,3.057749728203677e-05,1.7224117001081345e-06,2.8832890088130935e-06,8.497125564986081e-07,0.9884828458995508,1.5691887411044705,6.143632269584032e-10,8.019798158898084e-10,0.6975990457577382,063203-211112
gp_minimize,ET,random,PI,2.8255408478219433e-05,1.0096277431402908e-05,2.4347206561786097e-05,1.5735123075299221e-06,6.35536861873469e-06,5.475112374366513e-07,1.158111240623303,1.8862559902452243,9.798379885239683e-10,7.844809246648765e-10,0.4190252251977548,064526-211112
gp_minimize,ET,random,gp_hedge,4.344215581626812e-06,6.747534996815045e-06,2.457805272530973e-06,2.0562234774526623e-06,2.406208540386862e-06,5.7059001074559e-07,1.312780444273446,1.7461497063327196,8.084546365694223e-10,7.054943296225247e-10,0.2608089664166954,070036-211112
gp_minimize,ET,sobol,LCB,0.0001305456488693979,1.414166925701706e-05,1.0711319164426038e-05,1.2729181334538832e-06,4.296665438748644e-05,8.78867731217779e-07,1.4227546334668864,2.432647796104705,9.202967277133212e-10,8.762990333366361e-10,0.5471487127091342,071455-211112
gp_minimize,ET,sobol,EI,0.0001305456488693979,1.414166925701706e-05,1.0711319164426038e-05,1.2729181334538832e-06,4.296665438748644e-05,8.78867731217779e-07,1.4227546334668864,2.432647796104705,9.202967277133212e-10,8.762990333366361e-10,0.5471487127091342,072811-211112
gp_minimize,ET,sobol,PI,0.00010404696288656275,2.120067134911364e-06,2.815394909156891e-05,1.1398509367177996e-06,7.60264185387359e-07,8.12639241533695e-07,1.353007412716489,1.6566634354249512,7.901457266257239e-10,7.863194539936558e-10,0.18207540918612183,074306-211112
gp_minimize,ET,sobol,gp_hedge,7.42035855316052e-05,8.493638450330417e-07,1.1838390021282451e-05,1.3092458054220805e-06,1.4735059176677164e-06,6.838496712363513e-06,1.3970792105931211,2.189532725183818,6.339191394033605e-10,8.35894020667638e-10,0.4101795870122984,075721-211112
gp_minimize,ET,halton,LCB,3.365909835964829e-06,1.5522732780203227e-05,8.316948272879981e-06,1.506598401052637e-05,1.5005861438099216e-05,9.281173540830935e-07,0.927353322093572,2.050728591407996,8.743716861658868e-10,5.22028642535588e-10,0.8051558972574204,081038-211112
gp_minimize,ET,halton,EI,3.365909835964829e-06,1.5522732780203227e-05,8.316948272879981e-06,1.506598401052637e-05,1.5005861438099216e-05,9.281173540830935e-07,0.927353322093572,2.050728591407996,8.743716861658868e-10,5.22028642535588e-10,0.8051558972574204,082541-211112
gp_minimize,ET,halton,PI,2.867706408499645e-06,6.124302403609939e-05,1.5289581987599375e-06,3.559633909415965e-05,6.710322231461663e-07,1.463525221025679e-06,1.3460411834594206,1.471942056960948,5.912861311685447e-10,6.473257485595241e-10,0.699825641485962,084020-211112
gp_minimize,ET,halton,gp_hedge,2.867706408499645e-06,6.124302403609939e-05,1.5289581987599375e-06,3.559633909415965e-05,6.710322231461663e-07,1.463525221025679e-06,1.3460411834594206,1.471942056960948,5.912861311685447e-10,6.473257485595241e-10,0.699825641485962,085325-211112
gp_minimize,ET,hammersly,LCB,9.440501514887157e-05,8.034608263484978e-06,7.024497411250453e-05,1.1880678523954036e-06,2.98024799423039e-06,8.204720316444067e-07,1.1097086417842623,1.636194503986717,8.556244601720664e-10,8.395941719641087e-10,0.4579425585959661,091212-211112
gp_minimize,ET,hammersly,EI,9.440501514887157e-05,8.034608263484978e-06,7.024497411250453e-05,1.1880678523954036e-06,2.98024799423039e-06,8.204720316444067e-07,1.1097086417842623,1.636194503986717,8.556244601720664e-10,8.395941719641087e-10,0.4579425585959661,092723-211112
gp_minimize,ET,hammersly,PI,2.9483296707566063e-06,5.2360098795563315e-06,1.1419723426160654e-06,2.0434428862962334e-06,6.974538151558293e-06,7.91920065425522e-07,1.3142133955515882,2.1391168944754577,7.714122673974089e-10,7.790719180889027e-10,0.18538638683774994,094017-211112
gp_minimize,ET,hammersly,gp_hedge,2.602715708652256e-06,8.16024867607933e-06,1.7751171164394576e-06,2.2713637355814176e-06,2.382246512272855e-06,4.351963734724086e-07,1.2777668189103528,1.7179587399809264,8.907803383806367e-10,7.953699920904e-10,0.2917645108877004,095535-211112
gp_minimize,ET,lhs,LCB,0.00013584817441338526,1.836896616584938e-05,1.3252554398942152e-05,9.461809980226165e-07,3.4543565144303755e-05,9.089360167566408e-07,1.321219740590753,2.2617750249299955,7.768301557575796e-10,1.096129409461355e-09,0.5803273133557958,100909-211112
gp_minimize,ET,lhs,EI,1.3070305973664449e-05,3.65481747893352e-06,8.4645710391947e-06,0.00014406833799417924,1.437683317356991e-06,0.00012528670337670059,1.3966153698573345,1.7746833030246436,8.838898502006032e-10,6.547002939782942e-10,0.41092284732481255,102226-211112
gp_minimize,ET,lhs,PI,4.47075428222831e-05,1.1453636402073466e-06,4.783908436565921e-06,2.4325154572220853e-06,4.83003312432996e-07,3.799161708445068e-05,1.5091577325944439,1.6871579426516283,7.306555360742095e-10,8.343397084331627e-10,0.3822907082142393,103608-211112
gp_minimize,ET,lhs,gp_hedge,2.0268683388438506e-05,1.4635527888518796e-06,3.922292961787407e-06,3.577564507317662e-06,4.4702336732000616e-07,6.369037241187655e-05,1.4650800783193914,1.6432449415836379,7.758793607592906e-10,9.062235406531727e-10,0.4054850136935262,104941-211112
gp_minimize,ET,grid,LCB,2.080083823051906e-05,7.745966692414835e-06,7.745966692414835e-06,2.8844991406148213e-06,7.745966692414835e-06,1.074150667386063e-06,1.395929801146018,2.0512064257942146,5.984657214241906e-10,4.2306247394208185e-10,0.8090125618916562,110804-211112
gp_minimize,ET,grid,EI,2.080083823051906e-05,7.745966692414835e-06,7.745966692414835e-06,2.8844991406148213e-06,7.745966692414835e-06,1.074150667386063e-06,1.395929801146018,2.0512064257942146,5.984657214241906e-10,4.2306247394208185e-10,0.8090125618916562,112225-211112
gp_minimize,ET,grid,PI,5.579860144046155e-06,6.360561110885623e-05,6.7958470090593465e-06,3.0444348690359152e-06,4.250009072059915e-05,5.819113440043135e-07,1.1012753676594242,1.9394411217733194,8.193361544783784e-10,7.402718438243028e-10,0.28848574028139407,113550-211112
gp_minimize,ET,grid,gp_hedge,5.579860144046155e-06,6.360561110885623e-05,6.7958470090593465e-06,3.0444348690359152e-06,4.250009072059915e-05,5.819113440043135e-07,1.1012753676594242,1.9394411217733194,8.193361544783784e-10,7.402718438243028e-10,0.28848899673411044,115120-211112
gp_minimize,GBRT,random,LCB,2.3076649419419734e-05,1.4852534288725128e-05,3.057749728203677e-05,1.7224117001081345e-06,2.8832890088130935e-06,8.497125564986081e-07,0.98848283971427,1.5691887028491869,6.143632269584032e-10,8.019798158898084e-10,0.6975990457577382,120619-211112
gp_minimize,GBRT,random,EI,2.3076649419419734e-05,1.4852534288725128e-05,3.057749728203677e-05,1.7224117001081345e-06,2.8832890088130935e-06,8.497125564986081e-07,0.9884828328847531,1.5691887411035768,6.143632269584032e-10,8.019798158898084e-10,0.6975990457577382,120705-211112
gp_minimize,GBRT,random,PI,0.00014047574427082044,3.929409835726041e-06,3.914384783669975e-05,1.2882392101927414e-06,3.0840285829284076e-06,1.11885917173629e-06,1.2883988809530906,1.8946363321195687,6.851523792761327e-10,7.032676663243365e-10,0.33849702610674703,120813-211112
gp_minimize,GBRT,random,gp_hedge,7.686630733817366e-05,1.9511270234824172e-05,3.578335071836511e-06,1.2985904042671077e-06,2.8591286869126724e-05,6.125122835197936e-07,1.578761709801385,2.1912763280308503,9.564922187621505e-10,7.779137334296138e-10,0.5164076753092983,121021-211112
gp_minimize,GBRT,sobol,LCB,0.0001305456488693979,1.414166925701706e-05,1.0711319164426038e-05,1.2729181334538832e-06,4.296665438748644e-05,8.78867731217779e-07,1.4227544953106634,2.432647796104705,9.202967277133212e-10,8.762990333366361e-10,0.5471487127091342,121112-211112
gp_minimize,GBRT,sobol,EI,0.0001305456488693979,1.414166925701706e-05,1.0711319164426038e-05,1.2729181334538832e-06,4.296665438748644e-05,8.78867731217779e-07,1.4227546334668864,2.432647796104705,9.202967277133212e-10,8.762990333366361e-10,0.5471487127091342,121337-211112
gp_minimize,GBRT,sobol,PI,0.00012318830302860862,1.1588264224366624e-06,7.025491486890843e-07,2.038683128225643e-06,6.724880613947732e-07,3.864788115021976e-05,1.5232026638917402,1.723179275319211,7.216991448899535e-10,9.023946034858454e-10,0.4704858634652529,121529-211112
gp_minimize,GBRT,sobol,gp_hedge,0.0001305456488693979,1.414166925701706e-05,1.0711319164426038e-05,1.2729181334538832e-06,4.296665438748644e-05,8.78867731217779e-07,1.4227546334668864,2.432647796104705,9.202967277133212e-10,8.762990333366361e-10,0.5471487127091342,121616-211112
gp_minimize,GBRT,halton,LCB,3.365909835964829e-06,1.5522732780203227e-05,8.316948272879981e-06,1.506598401052637e-05,1.5005861438099216e-05,9.281173540830935e-07,0.9273534772121987,2.0507286123410795,8.743716861658868e-10,5.22028642535588e-10,0.8051558972574204,121830-211112
gp_minimize,GBRT,halton,EI,5.852546322641169e-06,4.1448753930014027e-07,1.082522699058997e-06,1.0304078736472678e-06,1.027259094451545e-06,3.2761699401174867e-06,1.4797510158388893,2.3013690490484535,9.208176443564753e-10,1.0658807170216278e-09,0.7596740712292752,122023-211112
gp_minimize,GBRT,halton,PI,1.7312989796624213e-06,5.769375676242753e-07,1.455311870758422e-06,2.335749906314463e-06,4.418501358774766e-07,1.6010514818508656e-06,1.2077782745201826,1.9008125834780292,8.198663969949394e-10,9.59171408965176e-10,0.35437099989660337,122109-211112
gp_minimize,GBRT,halton,gp_hedge,1.7312989796624213e-06,5.769375676242753e-07,1.455311870758422e-06,2.335749906314463e-06,4.418501358774766e-07,1.6010514818508656e-06,1.2077781461727501,1.9008125845908912,8.198663969949394e-10,9.59171408965176e-10,0.35437099989660337,122319-211112
gp_minimize,GBRT,hammersly,LCB,9.440501514887157e-05,8.034608263484978e-06,7.024497411250453e-05,1.1880678523954036e-06,2.98024799423039e-06,8.204720316444067e-07,1.1097086417842623,1.636194503986717,8.556244601720664e-10,8.395941719641087e-10,0.4579425585959661,122529-211112
gp_minimize,GBRT,hammersly,EI,9.440501514887157e-05,8.034608263484978e-06,7.024497411250453e-05,1.1880678523954036e-06,2.98024799423039e-06,8.204720316444067e-07,1.1097088793255494,1.6361945037786445,8.556244601720664e-10,8.395941719641087e-10,0.4579425585959661,122617-211112
gp_minimize,GBRT,hammersly,PI,9.440501514887157e-05,8.034608263484978e-06,7.024497411250453e-05,1.1880678523954036e-06,2.98024799423039e-06,8.204720316444067e-07,1.1097086417842623,1.636194503986717,8.556244601720664e-10,8.395941719641087e-10,0.4579425585959661,122830-211112
gp_minimize,GBRT,hammersly,gp_hedge,9.440501514887157e-05,8.034608263484978e-06,7.024497411250453e-05,1.1880678523954036e-06,2.98024799423039e-06,8.204720316444067e-07,1.1097088793255494,1.6361945037786445,8.556244601720664e-10,8.395941719641087e-10,0.4579425585959661,123024-211112
gp_minimize,GBRT,lhs,LCB,0.00013584817441338526,1.836896616584938e-05,1.3252554398942152e-05,9.461809980226165e-07,3.4543565144303755e-05,9.089360167566408e-07,1.321219740590753,2.2617750249299955,7.768301557575796e-10,1.096129409461355e-09,0.5803273133557958,123114-211112
gp_minimize,GBRT,lhs,EI,0.00013584817441338526,1.836896616584938e-05,1.3252554398942152e-05,9.461809980226165e-07,3.4543565144303755e-05,9.089360167566408e-07,1.3212197414977298,2.261775024929997,7.768301557575796e-10,1.096129409461355e-09,0.5803273133557958,123327-211112
gp_minimize,GBRT,lhs,PI,9.009452973299735e-06,5.669255972005006e-07,4.010773187637868e-06,1.1100619365523571e-06,4.1398265562239007e-07,9.443590648896304e-07,1.341473822174287,1.9263808109904286,9.922320742816737e-10,1.0014584717055186e-09,0.5105412743825891,123505-211112
gp_minimize,GBRT,lhs,gp_hedge,0.0001477840162100652,1.1547437292336166e-05,3.970696428484908e-05,1.8723241320109605e-06,2.6798665335838364e-05,1.1376295813621883e-06,1.3442700810169246,2.356120002432708,8.375837801111174e-10,5.843352468559715e-10,0.529071685300714,123552-211112
gp_minimize,GBRT,grid,LCB,2.369717262040337e-06,8.27004699025527e-05,5.553273212263569e-07,3.9923815230799395e-05,0.00013494029390555482,1.5433557777482146e-06,1.3814482357267033,2.218299548813375,9.688294611009951e-10,1.1242988762205641e-09,0.7772952655806573,123809-211112
gp_minimize,GBRT,grid,EI,2.080083823051906e-05,7.745966692414835e-06,7.745966692414835e-06,2.8844991406148213e-06,7.745966692414835e-06,1.074150667386063e-06,1.395929801146018,2.0512064257942146,5.984657214241906e-10,4.2306247394208185e-10,0.8090125618916562,124021-211112
gp_minimize,GBRT,grid,PI,3.853950951300894e-06,0.00010349867002839021,1.4197048814658554e-06,5.122529977609785e-05,7.330947669570746e-05,3.0649463599692956e-06,1.2949854577608655,1.8389544117791032,4.749010074078797e-10,6.998490675869107e-10,0.6292602116418413,124108-211112
gp_minimize,GBRT,grid,gp_hedge,3.853950951300894e-06,0.00010349867002839021,1.4197048814658554e-06,5.122529977609785e-05,7.330947669570746e-05,3.0649463599692956e-06,1.2949855742062286,1.8389545361275257,4.749010074078797e-10,6.998490675869107e-10,0.6292602390476053,124308-211112
